Workbook

Sheet ① サマリー
A1: VITAS × SNS運用 契約価値レポート 〜リーチから売上へ〜
A2: ※ 青色セルは変更可能な入力値。数値は「② 媒体価値試算」「④ 提案オプション」シートと連動します。
B4: ■ SNSリーチ 年間KPI（2025年3月〜2026年3月）
B5: プラットフォーム | C5: 主要指標① | D5: 数値① | E5: 主要指標② | F5: 数値②
B6: YouTube | C6: 視聴回数 | D6: ='② 媒体価値試算'!C5 -> 32121393 | E6: インプレッション | F6: ='② 媒体価値試算'!C6 -> 278345454
B7: X（旧Twitter） | C7: インプレッション | D7: ='② 媒体価値試算'!C11 -> 34800000 | E7: エンゲージメント率 | F7: ='② 媒体価値試算'!C13 -> 0.064
B8: TikTok | C8: 視聴回数 | D8: ='② 媒体価値試算'!C18 -> 10000000 | E8: プロフィール表示 | F8: ='② 媒体価値試算'!C19 -> 353000
B11: ■ 広告換算価値サマリー（年間）
B12: 区分 | C12: 広告換算（保守） | D12: 広告換算（標準） | E12: 広告換算（楽観）
B13: YouTube | C13: ='② 媒体価値試算'!F8 -> 32121393 | D13: ='② 媒体価値試算'!G8 -> 64242786 | E13: ='② 媒体価値試算'!H8 -> 128485572
B14: X（旧Twitter） | C14: ='② 媒体価値試算'!F15 -> 17400000 | D14: ='② 媒体価値試算'!G15 -> 24360000 | E14: ='② 媒体価値試算'!H15 -> 34800000
B15: TikTok | C15: ='② 媒体価値試算'!F22 -> 10000000 | D15: ='② 媒体価値試算'!G22 -> 20000000 | E15: ='② 媒体価値試算'!H22 -> 40000000
B16: 合計（年間） | C16: ='② 媒体価値試算'!F24 -> 59521393 | D16: ='② 媒体価値試算'!G24 -> 108602786 | E16: ='② 媒体価値試算'!H24 -> 203285572
B19: ■ 契約ROI比較（現行契約 vs 削減提案）
B20: 区分 | C20: 現行契約（¥110万/月） | D20: 削減提案（¥40万/月） | E20: 差額
B21: 年間契約費用 | C21: =1100000*12 -> 13200000 | D21: =400000*12 -> 4800000 | E21: =D21-C21 -> -8400000
B22: 広告換算価値（標準） | C22: ='② 媒体価値試算'!G24 -> 108602786 | D22: ='② 媒体価値試算'!G24 -> 108602786 | E22: =D22-C22 -> 0
B23: ROI（換算価値÷費用） | C23: =IFERROR(C22/C21,"-") -> 8.2274838 | D23: =IFERROR(C22/D21,"-") -> 22.62558 | E23: =IFERROR(D23-C23,"-") -> 14.398097
B24: 月額換算ROI（倍率） | C24: =IFERROR(C22/12/'④ 提案オプション'!C5,"-") -> - | D24: =IFERROR(C22/12/'④ 提案オプション'!D5,"-") -> - | E24: =IFERROR(D24-C24,"-") -> -

Sheet ② 媒体価値試算
A1: 媒体価値試算シート ― 広告換算ROI分析 ―
A2: ※ 青色セルが入力値。換算単価（下部テーブル）を変更すると全計算が自動更新されます。
B3: 指標名 | C3: 実績数値（年間） | D3: 単位 | E3: 換算単価（保守） | F3: 換算価値（保守） | G3: 換算価値（標準） | H3: 換算価値（楽観）
B4: ▶ YouTube（2025年実績）
B5: 視聴回数 | C5: 32121393 | D5: 回 | E5: =$E$30 -> 1 | F5: =C5*E5 -> 32121393 | G5: =C5*$F$30 -> 64242786 | H5: =C5*$G$30 -> 128485572
B6: インプレッション | C6: 278345454 | D6: 回 | E6: =$E$31/1000 -> 0.5 | F6: =C6*E6 -> 139172727 | G6: =C6*$F$31/1000 -> 1.9484182e+08 | H6: =C6*$G$31/1000 -> 278345454
B7: インプレCTR | C7: 0.055 | D7: % | E7: - | F7: - | G7: - | H7: -
B8: YouTube 小計（視聴ベース） | F8: =F5 -> 32121393 | G8: =G5 -> 64242786 | H8: =H5 -> 128485572
B10: ▶ X（旧Twitter）（2025年3月〜2026年3月）
B11: インプレッション数 | C11: 34800000 | D11: 回 | E11: =$E$31/1000 -> 0.5 | F11: =C11*E11 -> 17400000 | G11: =C11*$F$31/1000 -> 24360000 | H11: =C11*$G$31/1000 -> 34800000
B12: フォロワー数 | C12: 148800 | D12: 人 | E12: - | F12: - | G12: - | H12: -
B13: エンゲージメント率 | C13: 0.064 | D13: % | E13: - | F13: - | G13: - | H13: -
B14: エンゲージメント数 | C14: 2200000 | D14: 件 | E14: - | F14: - | G14: - | H14: -
B15: X 小計（インプレッションベース） | F15: =F11 -> 17400000 | G15: =G11 -> 24360000 | H15: =H11 -> 34800000
B17: ▶ TikTok（2025年3月〜2026年3月）
B18: 視聴回数 | C18: 10000000 | D18: 回 | E18: =$E$30 -> 1 | F18: =C18*E18 -> 10000000 | G18: =C18*$F$30 -> 20000000 | H18: =C18*$G$30 -> 40000000
B19: プロフィール表示 | C19: 353000 | D19: 回 | E19: - | F19: - | G19: - | H19: -
B20: いいね数 | C20: 257000 | D20: 件 | E20: - | F20: - | G20: - | H20: -
B21: シェア数 | C21: 2157 | D21: 件 | E21: - | F21: - | G21: - | H21: -
B22: TikTok 小計（視聴回数ベース） | F22: =F18 -> 10000000 | G22: =G18 -> 20000000 | H22: =H18 -> 40000000
B24: 全プラットフォーム合計（年間広告換算価値） | F24: =F8+F15+F22 -> 59521393 | G24: =G8+G15+G22 -> 108602786 | H24: =H8+H15+H22 -> 203285572
B25: 月次換算（年間÷12） | F25: =F24/12 -> 4960116.1 | G25: =G24/12 -> 9050232.2 | H25: =H24/12 -> 16940464
B28: ■ 換算単価の前提（青色セルを変更してください）
B29: 単価種別 | C29: 説明 | E29: 保守（円） | F29: 標準（円） | G29: 楽観（円）
B30: CPV（動画視聴） | C30: YouTube・TikTok：1再生あたり単価（円） | E30: 1 | F30: 2 | G30: 4 | H30: ← 変更可
B31: CPM（インプレ） | C31: X・YouTube：1,000インプレッションあたり単価（円） | E31: 500 | F31: 700 | G31: 1000 | H31: ← 変更可
B32: Source: 実績値はSNS各社インサイト画面 2025/3〜2026/3。換算単価は業界下限〜中央値を参考に設定（保守値）。

Sheet ③ ファネル分析
A1: 購買ファネル分析 ― リーチから売上への転換構造 ―
A2: ※ 青色セルが入力値。オレンジ強調はボトルネック候補。
B4: ■ プラットフォーム別 購買ファネル（推定）
B5: ファネルステップ | C5: YouTube | D5: X（旧Twitter） | E5: TikTok | F5: 合計 | G5: 前ステップ比 | H5: 課題度
B6: ① インプレッション（表示） | C6: 278345454 | D6: 34800000 | E6: 10000000 | F6: =IFERROR(C6+D6+E6,"-") -> 323145454 | G6: 基準 | H6: 低
B7: ② 視聴・クリック（接触） | C7: 32121393 | D7: 2227200 | E7: 10000000 | F7: =IFERROR(C7+D7+E7,"-") -> 44348593 | G7: =IFERROR(F7/F6,"-") -> 0.13724034 | H7: 低
B8: ③ プロフィール訪問（興味） | C8: 要計測 | D8: 211800 | E8: 353000 | F8: =IFERROR(D8+E8,"-") -> 564800 | G8: =IFERROR((D8+E8)/(D7+E7),"-") -> 0.046192096 | H8: 中〜高
B9: ④ サイト流入（意向） | C9: 未計測 | D9: 未計測 | E9: 未計測 | F9: - | G9: 要計測 | H9: 高（未計測）
B10: ⑤ 購買（CV） | C10: 未計測 | D10: 未計測 | E10: 未計測 | F10: - | G10: 要計測 | H10: 最高（未計測）
B13: ■ CVR低下の課題仮説
B14: 課題カテゴリ | C14: 現状の症状 | E14: 仮説（原因） | H14: 優先度
B15: CTA設計 | C15: 視聴→プロフィール転換率が低い | E15: 動画内CTAの頻度・タイミングが最適化されていない | H15: 高
B16: 購買導線 | C16: プロフィール→購買への橋渡しが弱い | E16: リンク先が商品直リンクになっていない可能性 | H16: 高
B17: コンテンツ | C17: エンゲージは高いが購買起点になりにくい | E17: 視聴エンタメ寄りで商品訴求が薄い | H17: 中
B18: 計測不足 | C18: SNS経由の購買数が把握できていない | E18: UTMパラメータ等の計測設計が未整備 | H18: 中
B19: TikTok減速 | C19: 視聴数・エンゲージが下降傾向 | E19: コンテンツ鮮度・アルゴリズム適合性の低下 | H19: 中

Sheet ④ 施策後CV試算
A1: ⑤ 施策後CV試算 ― SNS経由売上貢献シミュレーション ―
A2: ※ 青色セルが変更可能な入力値。SNSインサイト・売上データから業界参考値で仮置き。VITAS実績値に差し替え可能。
A4: ■ 共通入力値（青色セルを変更してください）
A5: 現状CVR（購買転換率） | B5: 0.01 | C5: 業界参考下限1.0%。フィットネスEC補助食品の標準範囲：0.8〜2.0%
A6: 施策後CVR（目標） | B6: 0.015 | C6: LP最適化・商品直リンク・CTA改善により1.5%を目標設定
A7: 平均注文単価（円） | B7: 5500 | C7: 参考：公式¥19,300/5点=¥3,860/点、Amazon¥36,399/12点=¥3,033/点。複数購入想定で¥5,500設定
A9: ■ セクション1：現状ファネル試算（施策前）
A10: ファネルステップ | B10: YouTube | C10: X | D10: TikTok | E10: 合計（年間） | F10: 仮定・根拠
A11: ① インプレッション（年間） | B11: 278345454 | C11: 34800000 | D11: 10000000 | E11: =B11+C11+D11 -> 323145454 | F11: 各SNSインサイト実績値（2025年3月〜2026年3月）
A12: ② 視聴・接触（年間） | B12: 32121393 | C12: =C11*0.064 -> 2227200 | D12: 10000000 | E12: =B12+C12+D12 -> 44348593 | F12: YouTube:実績。X:インプレ×ER6.4%推計。TikTok:視聴数
A13: ③ プロフィール訪問（年間） | B13: =B12*0.003 -> 96364.179 | C13: 211800 | D13: 353000 | E13: =B13+C13+D13 -> 661164.18 | F13: YouTube:視聴×0.3%推計。X/TikTok:インサイト実績値
A14: ④ ECサイト流入（年間） | B14: =B13*0.05 -> 4818.209 | C14: =C13*0.07 -> 14826 | D14: =D13*0.07 -> 24710 | E14: =B14+C14+D14 -> 44354.209 | F14: プロフィール→EC流入率：5〜7%（業界参考値）
A15: ⑤ 購買CV（年間） | B15: =B14*B5 -> 48.182089 | C15: =C14*B5 -> 148.26 | D15: =D14*B5 -> 247.1 | E15: =B15+C15+D15 -> 443.54209 | F15: CVR=5行目の入力値（現状）を参照
A16: ⑥ SNS経由売上貢献額（年間） | B16: =B15*B7 -> 265001.49 | C16: =C15*B7 -> 815430 | D16: =D15*B7 -> 1359050 | E16: =B16+C16+D16 -> 2439481.5 | F16: 平均注文単価=7行目の入力値を参照
A18: ■ セクション2：施策後ファネル試算（CTA改善・購買導線最適化後）
A19: ファネルステップ | B19: YouTube | C19: X | D19: TikTok | E19: 合計（年間） | F19: 施策内容・改善仮定
A20: ① インプレッション（施策後） | B20: =B11 -> 278345454 | C20: =C11 -> 34800000 | D20: =D11 -> 10000000 | E20: =B20+C20+D20 -> 323145454 | F20: リーチは現状維持（コンテンツ継続が前提）
A21: ② 視聴・接触（施策後） | B21: =B12 -> 32121393 | C21: =C12 -> 2227200 | D21: =D12 -> 10000000 | E21: =B21+C21+D21 -> 44348593 | F21: 視聴・接触は変化なし（リーチ維持が前提）
A22: ③ プロフィール訪問（施策後） | B22: =B12*0.005 -> 160606.96 | C22: =C13*1.3 -> 275340 | D22: =D13*1.3 -> 458900 | E22: =B22+C22+D22 -> 894846.96 | F22: 【CTA改善】YouTube:視聴→プロフィール率0.3%→0.5%。X/TikTok:+30%（CTA明確化）
A23: ④ ECサイト流入（施策後） | B23: =B22*0.08 -> 12848.557 | C23: =C22*0.12 -> 33040.8 | D23: =D22*0.12 -> 55068 | E23: =B23+C23+D23 -> 100957.36 | F23: 【購買導線改善】プロフィール→EC流入率：5-7%→8-12%（商品直リンク・プロフィール最適化）
A24: ⑤ 購買CV（施策後） | B24: =B23*B6 -> 192.72836 | C24: =C23*B6 -> 495.612 | D24: =D23*B6 -> 826.02 | E24: =B24+C24+D24 -> 1514.3604 | F24: 【CVR改善】施策後CVR=6行目入力値を参照（1.0%→1.5%）
A25: ⑥ SNS経由売上貢献額（施策後） | B25: =B24*B7 -> 1060006 | C25: =C24*B7 -> 2725866 | D25: =D24*B7 -> 4543110 | E25: =B25+C25+D25 -> 8328982 | F25: 平均注文単価=7行目入力値を参照
